{
    "menu" : [
                {
                    "dishName":"Hara Bhara kebab",
                    "dishCategory":"Indian",
                    "dishsubCategory":"starter",
                    "price":"99"
                },
                {
                    "dishName":"Spring Rolls",
                    "dishCategory":"Indian",
                    "dishsubCategory":"starter",
                    "price":"99"
                },
                {
                    "dishName":"Paneer Tikka",
                    "dishCategory":"Indian",
                    "dishsubCategory":"starter",
                    "price":"99"
                },
                {
                    "dishName":"Dahi Kebab",
                    "dishCategory":"Indian",
                    "dishsubCategory":"starter",
                    "price":"99"
                },
                {
                    "dishName":"Chilli Chicken",
                    "dishCategory":"Indian",
                    "dishsubCategory":"starter",
                    "price":"99"
                },
                {
                    "dishName":"Chicken Wings",
                    "dishCategory":"Indian",
                    "dishsubCategory":"starter",
                    "price":"99"
                },
                {
                    "dishName":"Afghani Chicken Tikka",
                    "dishCategory":"Indian",
                    "dishsubCategory":"starter",
                    "price":"99"
                },
                {
                    "dishName":"Fish Fingers",
                    "dishCategory":"Indian",
                    "dishsubCategory":"starter",
                    "price":"99"
                },
                {
                    "dishName":"Potato Kurkurates",
                    "dishCategory":"Indian",
                    "dishsubCategory":"starter",
                    "price":"99"
                },
                {
                    "dishName":"Chef Special Mushrooms",
                    "dishCategory":"Indian",
                    "dishsubCategory":"starter",
                    "price":"99"
                },
                {
                    "dishName":"Chilli Paneer",
                    "dishCategory":"Indian",
                    "dishsubCategory":"starter",
                    "price":"99"
                },
                {
                    "dishName":"Veg Cutlets",
                    "dishCategory":"Indian",
                    "dishsubCategory":"starter",
                    "price":"99"
                },
                {
                    "dishName":"Amritsari Fish",
                    "dishCategory":"Indian",
                    "dishsubCategory":"starter",
                    "price":"99"
                },
                {
                    "dishName":"Chipotle Chicken Tikka",
                    "dishCategory":"Indian",
                    "dishsubCategory":"starter",
                    "price":"99"
                },
                {
                    "dishName":"Chicken Wings in BBQ sauce",
                    "dishCategory":"Indian",
                    "dishsubCategory":"starter",
                    "price":"99"
                },
                {
                    "dishName":"Mutton Galouti Kebabs",
                    "dishCategory":"Indian",
                    "dishsubCategory":"starter",
                    "price":"99"
                },
                {
                    "dishName":"Dal tadka",
                    "dishCategory":"Indian",
                    "dishsubCategory":"Main Course",
                    "price":"99"
                },
                {
                    "dishName":"Dal Makhani",
                    "dishCategory":"Indian",
                    "dishsubCategory":"Main Course",
                    "price":"99"
                },
                {
                    "dishName":"Aloo Gobhi",
                    "dishCategory":"Indian",
                    "dishsubCategory":"Main Course",
                    "price":"99"
                },
                {
                    "dishName":"Malai Kofta ( Sweet / Tangy )",
                    "dishCategory":"Indian",
                    "dishsubCategory":"Main Course",
                    "price":"99"
                },
                {
                    "dishName":"Mix Vegetable",
                    "dishCategory":"Indian",
                    "dishsubCategory":"Main Course",
                    "price":"99"
                },
                {
                    "dishName":"Shahi Paneer",
                    "dishCategory":"Indian",
                    "dishsubCategory":"Main Course",
                    "price":"99"
                },
                {
                    "dishName":"Kadhai Paneer",
                    "dishCategory":"Indian",
                    "dishsubCategory":"Main Course",
                    "price":"99"
                },
                {
                    "dishName":"Soya Chaap",
                    "dishCategory":"Indian",
                    "dishsubCategory":"Main Course",
                    "price":"99"
                },
                {
                    "dishName":"Dal Bukhara",
                    "dishCategory":"Indian",
                    "dishsubCategory":"Main Course",
                    "price":"99"
                },
                {
                    "dishName":"Paneer Lababdar",
                    "dishCategory":"Indian",
                    "dishsubCategory":"Main Course",
                    "price":"99"
                },
                {
                    "dishName":"Veg Korma",
                    "dishCategory":"Indian",
                    "dishsubCategory":"Main Course",
                    "price":"99"
                },
                {
                    "dishName":"Veg Jalfrezi",
                    "dishCategory":"Indian",
                    "dishsubCategory":"Main Course",
                    "price":"99"
                },
                {
                    "dishName":"Paneer Butter Masala",
                    "dishCategory":"Indian",
                    "dishsubCategory":"Main Course",
                    "price":"99"
                },
                {
                    "dishName":"Paneer Makhani",
                    "dishCategory":"Indian",
                    "dishsubCategory":"Main Course",
                    "price":"99"
                },
                {
                    "dishName":"Bhindi Masala",
                    "dishCategory":"Indian",
                    "dishsubCategory":"Main Course",
                    "price":"99"
                },
                {
                    "dishName":"Butter Chicken",
                    "dishCategory":"Indian",
                    "dishsubCategory":"Main Course",
                    "price":"99"
                },
                {
                    "dishName":"Chicken Curry",
                    "dishCategory":"Indian",
                    "dishsubCategory":"Main Course",
                    "price":"99"
                },
                {
                    "dishName":"Chicken Tikka Masala",
                    "dishCategory":"Indian",
                    "dishsubCategory":"Main Course",
                    "price":"99"
                },
                {
                    "dishName":"Mutton Saag Wala",
                    "dishCategory":"Indian",
                    "dishsubCategory":"Main Course",
                    "price":"99"
                },
                {
                    "dishName":"Patiyala Chicken",
                    "dishCategory":"Indian",
                    "dishsubCategory":"Main Course",
                    "price":"99"
                },
                {
                    "dishName":"Kadhai Chicken",
                    "dishCategory":"Indian",
                    "dishsubCategory":"Main Course",
                    "price":"99"
                },
                {
                    "dishName":"Mutton Rogan",
                    "dishCategory":"Indian",
                    "dishsubCategory":"Main Course",
                    "price":"99"
                },
                {
                    "dishName":" Mutton Korma",
                    "dishCategory":"Indian",
                    "dishsubCategory":"Main Course",
                    "price":"99"
                },
                {
                    "dishName":"Tawa Roti",
                    "dishCategory":"Indian",
                    "dishsubCategory":"Breads",
                    "price":"99"
                },
                {
                    "dishName":"Onion Kulcha",
                    "dishCategory":"Indian",
                    "dishsubCategory":"Breads",
                    "price":"99"
                },
                {
                    "dishName":"Aloo Parantha",
                    "dishCategory":"Indian",
                    "dishsubCategory":"Main Course",
                    "price":"99"
                },
                {
                    "dishName":"Paneer Parantha",
                    "dishCategory":"Indian",
                    "dishsubCategory":"Breads",
                    "price":"99"
                },
                {
                    "dishName":"Mix Parantha",
                    "dishCategory":"Indian",
                    "dishsubCategory":"Breads",
                    "price":"99"
                },
                {
                    "dishName":"Lacha Parantha",
                    "dishCategory":"Indian",
                    "dishsubCategory":"Breads",
                    "price":"99"
                },
                {
                    "dishName":"Jeera Rice",
                    "dishCategory":"Indian",
                    "dishsubCategory":"Rice & Biryani",
                    "price":"99"
                },
                {
                    "dishName":"Tomato Rice",
                    "dishCategory":"Indian",
                    "dishsubCategory":"Rice & Biryani",
                    "price":"99"
                },
                {
                    "dishName":"Veg Biryani",
                    "dishCategory":"Indian",
                    "dishsubCategory":"Rice & Biryani",
                    "price":"99"
                },
                {
                    "dishName":"Veg Pulao",
                    "dishCategory":"Indian",
                    "dishsubCategory":"Rice & Biryani",
                    "price":"99"
                },
                {
                    "dishName":"Keema Biryani (Mutton / Chicken / Veg )",
                    "dishCategory":"Indian",
                    "dishsubCategory":"Rice & Biryani",
                    "price":"99"
                },
                {
                    "dishName":"Hydrabadi Biryani ( Mutton / Chicken / Veg )",
                    "dishCategory":"Indian",
                    "dishsubCategory":"Rice & Biryani",
                    "price":"99"
                },
                {
                    "dishName":"Plain Dahi",
                    "dishCategory":"Indian",
                    "dishsubCategory":"Raita",
                    "price":"99"
                },
                {
                    "dishName":"Boondi Raita",
                    "dishCategory":"Indian",
                    "dishsubCategory":"Raita",
                    "price":"99"
                },
                {
                    "dishName":"Pineapple Raita",
                    "dishCategory":"Indian",
                    "dishsubCategory":"Raita",
                    "price":"99"
                },
                {
                    "dishName":"Apple Walnut Raita",
                    "dishCategory":"Indian",
                    "dishsubCategory":"Raita",
                    "price":"99"
                },
                {
                    "dishName":"Walnut Raita",
                    "dishCategory":"Indian",
                    "dishsubCategory":"Raita",
                    "price":"99"
                },
                {
                    "dishName":"Mix Raita",
                    "dishCategory":"Indian",
                    "dishsubCategory":"Raita",
                    "price":"99"
                },
                {
                    "dishName":"Green Salad",
                    "dishCategory":"Indian",
                    "dishsubCategory":"Salad",
                    "price":"99"
                },
                {
                    "dishName":"Greek Salad",
                    "dishCategory":"Indian",
                    "dishsubCategory":"Salad",
                    "price":"99"
                },
                {
                    "dishName":"Sprouts Salad",
                    "dishCategory":"Indian",
                    "dishsubCategory":"Salad",
                    "price":"99"
                },
                {
                    "dishName":"Corn Salad",
                    "dishCategory":"Indian",
                    "dishsubCategory":"Salad",
                    "price":"99"
                },
                {
                    "dishName":"Russian Salad",
                    "dishCategory":"Indian",
                    "dishsubCategory":"Salad",
                    "price":"99"
                },
                {
                    "dishName":"Onion Cucumber salad",
                    "dishCategory":"Indian",
                    "dishsubCategory":"Salad",
                    "price":"99"
                },
                {
                    "dishName":"Mango Pickle",
                    "dishCategory":"Indian",
                    "dishsubCategory":"Pickle",
                    "price":"99"
                },
                {
                    "dishName":"Green Chilli Pickle",
                    "dishCategory":"Indian",
                    "dishsubCategory":"Pickle",
                    "price":"99"
                },
                {
                    "dishName":"Vinegar Onion",
                    "dishCategory":"Indian",
                    "dishsubCategory":"Pickle",
                    "price":"99"
                },
                {
                    "dishName":"Mix Pickle",
                    "dishCategory":"Indian",
                    "dishsubCategory":"Pickle",
                    "price":"99"
                },
                {
                    "dishName":"Plain Papad",
                    "dishCategory":"Indian",
                    "dishsubCategory":"Papad",
                    "price":"99"
                },
                {
                    "dishName":"Masala Papad",
                    "dishCategory":"Indian",
                    "dishsubCategory":"Papad",
                    "price":"99"
                },
                {
                    "dishName":"Red Chilli Papad",
                    "dishCategory":"Indian",
                    "dishsubCategory":"Papad",
                    "price":"99"
                },
                {
                    "dishName":"Potato Papad",
                    "dishCategory":"Indian",
                    "dishsubCategory":"Papad",
                    "price":"99"
                },
                {
                    "dishName":"Green Chili Papad",
                    "dishCategory":"Indian",
                    "dishsubCategory":"Papad",
                    "price":"99"
                },
                {
                    "dishName":"Chana Papad",
                    "dishCategory":"Indian",
                    "dishsubCategory":"Papad",
                    "price":"99"
                },
                {
                    "dishName":"Gulab Jamun",
                    "dishCategory":"Indian",
                    "dishsubCategory":"Meetha",
                    "price":"99"
                },
                {
                    "dishName":"Gulabi Kheer",
                    "dishCategory":"Indian",
                    "dishsubCategory":"Meetha",
                    "price":"99"
                },
                {
                    "dishName":"Fruit Custard",
                    "dishCategory":"Indian",
                    "dishsubCategory":"Meetha",
                    "price":"99"
                },
                {
                    "dishName":"Kheer",
                    "dishCategory":"Indian",
                    "dishsubCategory":"Meetha",
                    "price":"99"
                },
                {
                    "dishName":"Shrikhand ( Mix Fruit / Mango )",
                    "dishCategory":"Indian",
                    "dishsubCategory":"Meetha",
                    "price":"99"
                },
                {
                    "dishName":"Phirni",
                    "dishCategory":"Indian",
                    "dishsubCategory":"Meetha",
                    "price":"99"
                }, 
                {
                    "dishName":"Stuffed Mushrooms",
                    "dishCategory":"Intercontinental",
                    "dishsubCategory":"Starters",
                    "price":"149"
                }, 
                {
                    "dishName":"Bruschetta",
                    "dishCategory":"Intercontinental",
                    "dishsubCategory":"Starters",
                    "price":"149"
                }, 
                {
                    "dishName":"Lasagne",
                    "dishCategory":"Intercontinental",
                    "dishsubCategory":"Starters",
                    "price":"149"
                }, 
                {
                    "dishName":"Enchiladas",
                    "dishCategory":"Intercontinental",
                    "dishsubCategory":"Starters",
                    "price":"149"
                }, 
                {
                    "dishName":"Veg burgers",
                    "dishCategory":"Intercontinental",
                    "dishsubCategory":"Starters",
                    "price":"149"
                }, 
                {
                    "dishName":"Veg sandwich",
                    "dishCategory":"Intercontinental",
                    "dishsubCategory":"Starters",
                    "price":"149"
                }, 
                {
                    "dishName":"Club sandwich",
                    "dishCategory":"Intercontinental",
                    "dishsubCategory":"Starters",
                    "price":"149"
                }, 
                {
                    "dishName":"Cheese Loaded Nachos",
                    "dishCategory":"Intercontinental",
                    "dishsubCategory":"Starters",
                    "price":"149"
                }, 
                {
                    "dishName":"Nachos With Salsa",
                    "dishCategory":"Intercontinental",
                    "dishsubCategory":"Starters",
                    "price":"149"
                }, 
                {
                    "dishName":"Fish Finger",
                    "dishCategory":"Intercontinental",
                    "dishsubCategory":"Main Course",
                    "price":"149"
                }, 
                {
                    "dishName":"Hummus With Pita",
                    "dishCategory":"Intercontinental",
                    "dishsubCategory":"Main Course",
                    "price":"149"
                }, 
                {
                    "dishName":"Margherita Pizza",
                    "dishCategory":"Intercontinental",
                    "dishsubCategory":"Main Course",
                    "price":"149"
                }, 
                {
                    "dishName":"Paneer And Corn Pizza",
                    "dishCategory":"Intercontinental",
                    "dishsubCategory":"Main Course",
                    "price":"149"
                }, 
                {
                    "dishName":"Tex Mex Mexican Pizza",
                    "dishCategory":"Intercontinental",
                    "dishsubCategory":"Main Course",
                    "price":"149"
                },
                {
                    "dishName":"Pasta Arrabiata",
                    "dishCategory":"Intercontinental",
                    "dishsubCategory":"Main Course",
                    "price":"149"
                }, 
                {
                    "dishName":"Pasta Creamy Sauce",
                    "dishCategory":"Intercontinental",
                    "dishsubCategory":"Main Course",
                    "price":"149"
                }, 
                {
                    "dishName":"Spaghetti Aglio Olio",
                    "dishCategory":"Intercontinental",
                    "dishsubCategory":"Main Course",
                    "price":"149"
                }, 
                {
                    "dishName":"Spaghetti Bolognese",
                    "dishCategory":"Intercontinental",
                    "dishsubCategory":"Main Course",
                    "price":"149"
                }, 
                {
                    "dishName":"Fruit Tart",
                    "dishCategory":"Intercontinental",
                    "dishsubCategory":"Deserts",
                    "price":"149"
                }, 
                {
                    "dishName":"Blackberry Tart",
                    "dishCategory":"Intercontinental",
                    "dishsubCategory":"Deserts",
                    "price":"149"
                }, 
                {
                    "dishName":"Chocolate Tart",
                    "dishCategory":"Intercontinental",
                    "dishsubCategory":"Deserts",
                    "price":"149"
                },
                {
                    "dishName":"Greek Salad",
                    "dishCategory":"Intercontinental",
                    "dishsubCategory":"Salads",
                    "price":"149"
                }, 
                {
                    "dishName":"Caesar Salad",
                    "dishCategory":"Intercontinental",
                    "dishsubCategory":"Salads",
                    "price":"149"
                },
                {
                    "dishName":"Waldorf Salad",
                    "dishCategory":"Intercontinental",
                    "dishsubCategory":"Salads",
                    "price":"149"
                }, 
                {
                    "dishName":"Russian Salad",
                    "dishCategory":"Intercontinental",
                    "dishsubCategory":"Salads",
                    "price":"149"
                }, 
                {
                    "dishName":"Mix Fruit Salad",
                    "dishCategory":"Intercontinental",
                    "dishsubCategory":"Salads",
                    "price":"149"
                }, 
                {
                    "dishName":"Apple And Celery Salad",
                    "dishCategory":"Intercontinental",
                    "dishsubCategory":"Salads",
                    "price":"149"
                }, 
                {
                    "dishName":"Sprout Salad",
                    "dishCategory":"Intercontinental",
                    "dishsubCategory":"Salads",
                    "price":"149"
                },
                {
                    "dishName":"Honey Chilly Potato",
                    "dishCategory":"Intercontinental",
                    "dishsubCategory":"Starters",
                    "price":"149"
                },
                {
                    "dishName":"Popiah Roll",
                    "dishCategory":"Intercontinental",
                    "dishsubCategory":"Starters",
                    "price":"149"
                },
                {
                    "dishName":"Cigar Roll",
                    "dishCategory":"Intercontinental",
                    "dishsubCategory":"Starters",
                    "price":"149"
                },
                {
                    "dishName":"Satay Chicken",
                    "dishCategory":"Intercontinental",
                    "dishsubCategory":"Starters",
                    "price":"149"
                },
                {
                    "dishName":"Satay Paneer",
                    "dishCategory":"Intercontinental",
                    "dishsubCategory":"Starters",
                    "price":"149"
                },
                {
                    "dishName":"Veg Hakka Noodle",
                    "dishCategory":"Intercontinental",
                    "dishsubCategory":"Main Course",
                    "price":"149"
                },
                {
                    "dishName":"Thai Curry",
                    "dishCategory":"Intercontinental",
                    "dishsubCategory":"Main Course",
                    "price":"149"
                },
                {
                    "dishName":"Wok Toss Vegetable",
                    "dishCategory":"Intercontinental",
                    "dishsubCategory":"Main Course",
                    "price":"149"
                },
                {
                    "dishName":"Bisibele Bhat",
                    "dishCategory":"Intercontinental",
                    "dishsubCategory":"Main Course",
                    "price":"149"
                },
                {
                    "dishName":"Kung Pao Chicken",
                    "dishCategory":"Intercontinental",
                    "dishsubCategory":"Main Course",
                    "price":"149"
                },
                {
                    "dishName":"Basil Chicken",
                    "dishCategory":"Intercontinental",
                    "dishsubCategory":"Main Course",
                    "price":"149"
                },
                {
                    "dishName":"Chicken 65",
                    "dishCategory":"Intercontinental",
                    "dishsubCategory":"Main Course",
                    "price":"149"
                },
                {
                    "dishName":"Lemon Honey Chicken",
                    "dishCategory":"Intercontinental",
                    "dishsubCategory":"Main Course",
                    "price":"149"
                },
                {
                    "dishName":"Mongolian Glazed Chicken",
                    "dishCategory":"Intercontinental",
                    "dishsubCategory":"Main Course",
                    "price":"149"
                },
                {
                    "dishName":"Sweet and Sour Chicken",
                    "dishCategory":"Intercontinental",
                    "dishsubCategory":"Main Course",
                    "price":"149"
                },
                {
                    "dishName":"Fried Rice",
                    "dishCategory":"Intercontinental",
                    "dishsubCategory":"Rice",
                    "price":"149"
                },
                {
                    "dishName":"Curd Rice",
                    "dishCategory":"Intercontinental",
                    "dishsubCategory":"Rice",
                    "price":"149"
                },
                {
                    "dishName":"Lemon Rice",
                    "dishCategory":"Intercontinental",
                    "dishsubCategory":"Rice",
                    "price":"149"
                },
                {
                    "dishName":"Tomato Rice",
                    "dishCategory":"Intercontinental",
                    "dishsubCategory":"Rice",
                    "price":"149"
                }
            ]
}